{
  "accuracy": 0.8997342781222321,
  "macro_f1": 0.6832623426629549,
  "weighted_f1": 0.9124103542742664,
  "n_train": 22578,
  "n_test": 5645
}